,Ancestry,Donor Category,IUI Number,Date,Mean
0,Asian,ID,0.0,02/28/2022,1220.0
1,Asian,ID,0.0,03/01/2022,1220.0
2,Asian,ID,0.0,03/02/2022,1220.0
3,Asian,ID,0.0,03/03/2022,1220.0
4,Asian,ID,0.0,03/04/2022,1220.0
5,Asian,ID,0.0,03/05/2022,1220.0
6,Asian,ID,0.0,03/06/2022,1220.0
7,Asian,ID,0.0,03/07/2022,1220.0
8,Asian,ID,0.0,03/08/2022,1220.0
9,Asian,ID,0.0,03/09/2022,1220.0
10,Asian,ID,0.0,03/10/2022,1220.0
11,Asian,ID,0.0,03/11/2022,1220.0
12,Asian,ID,0.0,03/12/2022,1220.0
13,Asian,ID,0.0,03/13/2022,1220.0
14,Asian,ID,0.0,03/14/2022,1220.0
15,Asian,ID,0.0,03/15/2022,1220.0
16,Asian,ID,0.0,03/16/2022,1220.0
17,Asian,ID,0.0,03/17/2022,1220.0
18,Asian,ID,0.0,03/18/2022,1220.0
19,Asian,ID,0.0,03/19/2022,1220.0
20,Asian,ID,0.0,03/20/2022,1220.0
21,Asian,ID,0.0,03/21/2022,1220.0
22,Asian,ID,1.0,02/28/2022,1220.0
23,Asian,ID,1.0,03/01/2022,1220.0
24,Asian,ID,1.0,03/02/2022,1220.0
25,Asian,ID,1.0,03/03/2022,1220.0
26,Asian,ID,1.0,03/04/2022,1220.0
27,Asian,ID,1.0,03/05/2022,1220.0
28,Asian,ID,1.0,03/06/2022,1220.0
29,Asian,ID,1.0,03/07/2022,1220.0
30,Asian,ID,1.0,03/08/2022,1220.0
31,Asian,ID,1.0,03/09/2022,1220.0
32,Asian,ID,1.0,03/10/2022,1220.0
33,Asian,ID,1.0,03/11/2022,1220.0
34,Asian,ID,1.0,03/12/2022,1220.0
35,Asian,ID,1.0,03/13/2022,1220.0
36,Asian,ID,1.0,03/14/2022,1220.0
37,Asian,ID,1.0,03/15/2022,1220.0
38,Asian,ID,1.0,03/16/2022,1220.0
39,Asian,ID,1.0,03/17/2022,1220.0
40,Asian,ID,1.0,03/18/2022,1220.0
41,Asian,ID,1.0,03/19/2022,1220.0
42,Asian,ID,1.0,03/20/2022,1220.0
43,Asian,ID,1.0,03/21/2022,1220.0
44,Asian,ID,6.0,02/28/2022,1220.0
45,Asian,ID,6.0,03/01/2022,1220.0
46,Asian,ID,10.0,02/28/2022,1220.0
47,Asian,ID,10.0,03/01/2022,1220.0
48,Asian,ID,10.0,03/02/2022,1220.0
49,Asian,ID,10.0,03/03/2022,1220.0
50,Asian,ID,10.0,03/04/2022,1220.0
51,Asian,ID,10.0,03/05/2022,1220.0
52,Asian,ID,10.0,03/06/2022,1220.0
53,Asian,ID,10.0,03/07/2022,1220.0
54,Asian,ID,10.0,03/08/2022,1220.0
55,Asian,ID,10.0,03/09/2022,1220.0
56,Asian,ID,10.0,03/10/2022,1220.0
57,Asian,ID,10.0,03/11/2022,1220.0
58,Asian,ID,10.0,03/12/2022,1220.0
59,Asian,ID,10.0,03/13/2022,1220.0
60,Asian,ID,10.0,03/14/2022,1220.0
61,Asian,ID,10.0,03/15/2022,1220.0
62,Asian,ID,10.0,03/16/2022,1220.0
63,Asian,ID,10.0,03/17/2022,1220.0
64,Asian,ID,10.0,03/18/2022,1220.0
65,Asian,ID,10.0,03/19/2022,1220.0
66,Asian,ID,10.0,03/20/2022,1220.0
67,Asian,ID,10.0,03/21/2022,1220.0
68,Asian,ID Graduate,0.0,02/28/2022,1220.0
69,Asian,ID Graduate,0.0,03/01/2022,1220.0
70,Asian,ID Graduate,0.0,03/02/2022,1220.0
71,Asian,ID Graduate,0.0,03/03/2022,1220.0
72,Asian,ID Graduate,0.0,03/04/2022,1220.0
73,Asian,ID Graduate,0.0,03/05/2022,1220.0
74,Asian,ID Graduate,0.0,03/06/2022,1220.0
75,Asian,ID Graduate,0.0,03/07/2022,1220.0
76,Asian,ID Graduate,0.0,03/08/2022,1220.0
77,Asian,ID Graduate,0.0,03/09/2022,1220.0
78,Asian,ID Graduate,0.0,03/10/2022,1220.0
79,Asian,ID Graduate,0.0,03/11/2022,1220.0
80,Asian,ID Graduate,0.0,03/12/2022,1220.0
81,Asian,ID Graduate,0.0,03/13/2022,1220.0
82,Asian,ID Graduate,0.0,03/14/2022,1220.0
83,Asian,ID Graduate,0.0,03/15/2022,1220.0
84,Asian,ID Graduate,0.0,03/16/2022,1220.0
85,Asian,ID Graduate,0.0,03/17/2022,1220.0
86,Asian,ID Graduate,0.0,03/18/2022,1220.0
87,Asian,ID Graduate,0.0,03/19/2022,1220.0
88,Asian,ID Graduate,0.0,03/20/2022,1220.0
89,Asian,ID Graduate,0.0,03/21/2022,1220.0
90,Asian,ID Graduate,1.0,02/28/2022,1220.0
91,Asian,ID Graduate,1.0,03/01/2022,1220.0
92,Asian,ID Graduate,1.0,03/02/2022,1220.0
93,Asian,ID Graduate,1.0,03/03/2022,1220.0
94,Asian,ID Graduate,1.0,03/04/2022,1220.0
95,Asian,ID Graduate,1.0,03/05/2022,1220.0
96,Asian,ID Graduate,1.0,03/06/2022,1220.0
97,Asian,ID Graduate,1.0,03/07/2022,1220.0
98,Asian,ID Graduate,1.0,03/08/2022,1220.0
99,Asian,ID Graduate,1.0,03/09/2022,1220.0
100,Asian,ID Graduate,1.0,03/10/2022,1220.0
101,Asian,ID Graduate,1.0,03/11/2022,1220.0
102,Asian,ID Graduate,1.0,03/12/2022,1220.0
103,Asian,ID Graduate,1.0,03/13/2022,1220.0
104,Asian,ID Graduate,1.0,03/14/2022,1220.0
105,Asian,ID Graduate,1.0,03/15/2022,1220.0
106,Asian,ID Graduate,1.0,03/16/2022,1220.0
107,Asian,ID Graduate,1.0,03/17/2022,1220.0
108,Asian,ID Graduate,1.0,03/18/2022,1220.0
109,Asian,ID Graduate,1.0,03/19/2022,1220.0
110,Asian,ID Graduate,1.0,03/20/2022,1220.0
111,Asian,ID Graduate,1.0,03/21/2022,1220.0
112,Asian,ID Graduate,10.0,02/28/2022,1220.0
113,Asian,ID Graduate,10.0,03/01/2022,1220.0
114,Asian,ID Graduate,10.0,03/02/2022,1220.0
115,Asian,ID Graduate,10.0,03/03/2022,1220.0
116,Asian,ID Graduate,10.0,03/04/2022,1220.0
117,Asian,ID Graduate,10.0,03/05/2022,1220.0
118,Asian,ID Graduate,10.0,03/06/2022,1220.0
119,Asian,ID Graduate,10.0,03/07/2022,1220.0
120,Asian,ID Graduate,10.0,03/08/2022,1220.0
121,Asian,ID Graduate,10.0,03/09/2022,1220.0
122,Asian,ID Graduate,10.0,03/10/2022,1220.0
123,Asian,ID Graduate,10.0,03/11/2022,1220.0
124,Asian,ID Graduate,10.0,03/12/2022,1220.0
125,Asian,ID Graduate,10.0,03/13/2022,1220.0
126,Asian,ID Graduate,10.0,03/14/2022,1220.0
127,Asian,ID Graduate,10.0,03/15/2022,1220.0
128,Asian,ID Graduate,10.0,03/16/2022,1220.0
129,Asian,ID Graduate,10.0,03/17/2022,1220.0
130,Asian,ID Graduate,10.0,03/18/2022,1220.0
131,Asian,ID Graduate,10.0,03/19/2022,1220.0
132,Asian,ID Graduate,10.0,03/20/2022,1220.0
133,Asian,ID Graduate,10.0,03/21/2022,1220.0
134,Asian,Non-ID,0.0,02/28/2022,1095.0
135,Asian,Non-ID,0.0,03/01/2022,1095.0
136,Asian,Non-ID,0.0,03/02/2022,1095.0
137,Asian,Non-ID,0.0,03/03/2022,1095.0
138,Asian,Non-ID,0.0,03/04/2022,1095.0
139,Asian,Non-ID,0.0,03/05/2022,1095.0
140,Asian,Non-ID,0.0,03/06/2022,1095.0
141,Asian,Non-ID,0.0,03/07/2022,1095.0
142,Asian,Non-ID,0.0,03/08/2022,1095.0
143,Asian,Non-ID,0.0,03/09/2022,1095.0
144,Asian,Non-ID,0.0,03/10/2022,1095.0
145,Asian,Non-ID,0.0,03/11/2022,1095.0
146,Asian,Non-ID,0.0,03/12/2022,1095.0
147,Asian,Non-ID,0.0,03/13/2022,1095.0
148,Asian,Non-ID,0.0,03/14/2022,1095.0
149,Asian,Non-ID,0.0,03/15/2022,1095.0
150,Asian,Non-ID,0.0,03/16/2022,1095.0
151,Asian,Non-ID,0.0,03/17/2022,1095.0
152,Asian,Non-ID,0.0,03/18/2022,1095.0
153,Asian,Non-ID,0.0,03/19/2022,1095.0
154,Asian,Non-ID,0.0,03/20/2022,1095.0
155,Asian,Non-ID,0.0,03/21/2022,1095.0
156,Asian,Non-ID,1.0,02/28/2022,1095.0
157,Asian,Non-ID,1.0,03/01/2022,1095.0
158,Asian,Non-ID,1.0,03/02/2022,1095.0
159,Asian,Non-ID,1.0,03/03/2022,1095.0
160,Asian,Non-ID,1.0,03/04/2022,1095.0
161,Asian,Non-ID,1.0,03/05/2022,1095.0
162,Asian,Non-ID,1.0,03/06/2022,1095.0
163,Asian,Non-ID,1.0,03/07/2022,1095.0
164,Asian,Non-ID,1.0,03/08/2022,1095.0
165,Asian,Non-ID,1.0,03/09/2022,1095.0
166,Asian,Non-ID,1.0,03/10/2022,1095.0
167,Asian,Non-ID,1.0,03/11/2022,1095.0
168,Asian,Non-ID,1.0,03/12/2022,1095.0
169,Asian,Non-ID,1.0,03/13/2022,1095.0
170,Asian,Non-ID,1.0,03/14/2022,1095.0
171,Asian,Non-ID,1.0,03/15/2022,1095.0
172,Asian,Non-ID,1.0,03/16/2022,1095.0
173,Asian,Non-ID,1.0,03/17/2022,1095.0
174,Asian,Non-ID,1.0,03/18/2022,1095.0
175,Asian,Non-ID,1.0,03/19/2022,1095.0
176,Asian,Non-ID,1.0,03/20/2022,1095.0
177,Asian,Non-ID,1.0,03/21/2022,1095.0
178,Asian,Non-ID,10.0,02/28/2022,1095.0
179,Asian,Non-ID,10.0,03/01/2022,1095.0
180,Asian,Non-ID,10.0,03/02/2022,1095.0
181,Asian,Non-ID,10.0,03/03/2022,1095.0
182,Asian,Non-ID,10.0,03/04/2022,1095.0
183,Asian,Non-ID,10.0,03/05/2022,1095.0
184,Asian,Non-ID,10.0,03/06/2022,1095.0
185,Asian,Non-ID,10.0,03/07/2022,1095.0
186,Asian,Non-ID,10.0,03/08/2022,1095.0
187,Asian,Non-ID,10.0,03/09/2022,1095.0
188,Asian,Non-ID,10.0,03/10/2022,1095.0
189,Asian,Non-ID,10.0,03/11/2022,1095.0
190,Asian,Non-ID,10.0,03/12/2022,1095.0
191,Asian,Non-ID,10.0,03/13/2022,1095.0
192,Asian,Non-ID,10.0,03/14/2022,1095.0
193,Asian,Non-ID,10.0,03/15/2022,1095.0
194,Asian,Non-ID,10.0,03/16/2022,1095.0
195,Asian,Non-ID,10.0,03/17/2022,1095.0
196,Asian,Non-ID,10.0,03/18/2022,1095.0
197,Asian,Non-ID,10.0,03/19/2022,1095.0
198,Asian,Non-ID,10.0,03/20/2022,1095.0
199,Asian,Non-ID,10.0,03/21/2022,1095.0
200,Asian,Non-ID Graduate,0.0,02/28/2022,1095.0
201,Asian,Non-ID Graduate,0.0,03/01/2022,1095.0
202,Asian,Non-ID Graduate,0.0,03/02/2022,1095.0
203,Asian,Non-ID Graduate,0.0,03/03/2022,1095.0
204,Asian,Non-ID Graduate,0.0,03/04/2022,1095.0
205,Asian,Non-ID Graduate,0.0,03/05/2022,1095.0
206,Asian,Non-ID Graduate,0.0,03/06/2022,1095.0
207,Asian,Non-ID Graduate,0.0,03/07/2022,1095.0
208,Asian,Non-ID Graduate,0.0,03/08/2022,1095.0
209,Asian,Non-ID Graduate,0.0,03/09/2022,1095.0
210,Asian,Non-ID Graduate,0.0,03/10/2022,1095.0
211,Asian,Non-ID Graduate,0.0,03/11/2022,1095.0
212,Asian,Non-ID Graduate,0.0,03/12/2022,1095.0
213,Asian,Non-ID Graduate,0.0,03/13/2022,1095.0
214,Asian,Non-ID Graduate,0.0,03/14/2022,1095.0
215,Asian,Non-ID Graduate,0.0,03/15/2022,1095.0
216,Asian,Non-ID Graduate,0.0,03/16/2022,1095.0
217,Asian,Non-ID Graduate,0.0,03/17/2022,1095.0
218,Asian,Non-ID Graduate,0.0,03/18/2022,1095.0
219,Asian,Non-ID Graduate,0.0,03/19/2022,1095.0
220,Asian,Non-ID Graduate,0.0,03/20/2022,1095.0
221,Asian,Non-ID Graduate,0.0,03/21/2022,1095.0
222,Asian,Non-ID Graduate,1.0,02/28/2022,1095.0
223,Asian,Non-ID Graduate,1.0,03/01/2022,1095.0
224,Asian,Non-ID Graduate,1.0,03/02/2022,1095.0
225,Asian,Non-ID Graduate,1.0,03/03/2022,1095.0
226,Asian,Non-ID Graduate,1.0,03/04/2022,1095.0
227,Asian,Non-ID Graduate,1.0,03/05/2022,1095.0
228,Asian,Non-ID Graduate,1.0,03/06/2022,1095.0
229,Asian,Non-ID Graduate,1.0,03/07/2022,1095.0
230,Asian,Non-ID Graduate,1.0,03/08/2022,1095.0
231,Asian,Non-ID Graduate,1.0,03/09/2022,1095.0
232,Asian,Non-ID Graduate,1.0,03/10/2022,1095.0
233,Asian,Non-ID Graduate,1.0,03/11/2022,1095.0
234,Asian,Non-ID Graduate,1.0,03/12/2022,1095.0
235,Asian,Non-ID Graduate,1.0,03/13/2022,1095.0
236,Asian,Non-ID Graduate,1.0,03/14/2022,1095.0
237,Asian,Non-ID Graduate,1.0,03/15/2022,1095.0
238,Asian,Non-ID Graduate,1.0,03/16/2022,1095.0
239,Asian,Non-ID Graduate,1.0,03/17/2022,1095.0
240,Asian,Non-ID Graduate,1.0,03/18/2022,1095.0
241,Asian,Non-ID Graduate,1.0,03/19/2022,1095.0
242,Asian,Non-ID Graduate,1.0,03/20/2022,1095.0
243,Asian,Non-ID Graduate,1.0,03/21/2022,1095.0
244,Asian,Non-ID Graduate,10.0,02/28/2022,1095.0
245,Asian,Non-ID Graduate,10.0,03/01/2022,1095.0
246,Asian,Non-ID Graduate,10.0,03/02/2022,1095.0
247,Asian,Non-ID Graduate,10.0,03/03/2022,1095.0
248,Asian,Non-ID Graduate,10.0,03/04/2022,1095.0
249,Asian,Non-ID Graduate,10.0,03/05/2022,1095.0
250,Asian,Non-ID Graduate,10.0,03/06/2022,1095.0
251,Asian,Non-ID Graduate,10.0,03/07/2022,1095.0
252,Asian,Non-ID Graduate,10.0,03/08/2022,1095.0
253,Asian,Non-ID Graduate,10.0,03/09/2022,1095.0
254,Asian,Non-ID Graduate,10.0,03/10/2022,1095.0
255,Asian,Non-ID Graduate,10.0,03/11/2022,1095.0
256,Asian,Non-ID Graduate,10.0,03/12/2022,1095.0
257,Asian,Non-ID Graduate,10.0,03/13/2022,1095.0
258,Asian,Non-ID Graduate,10.0,03/14/2022,1095.0
259,Asian,Non-ID Graduate,10.0,03/15/2022,1095.0
260,Asian,Non-ID Graduate,10.0,03/16/2022,1095.0
261,Asian,Non-ID Graduate,10.0,03/17/2022,1095.0
262,Asian,Non-ID Graduate,10.0,03/18/2022,1095.0
263,Asian,Non-ID Graduate,10.0,03/19/2022,1095.0
264,Asian,Non-ID Graduate,10.0,03/20/2022,1095.0
265,Asian,Non-ID Graduate,10.0,03/21/2022,1095.0
266,Black,ID,1.0,02/28/2022,1220.0
267,Black,ID,1.0,03/01/2022,1220.0
268,Black,ID,1.0,03/02/2022,1220.0
269,Black,ID,1.0,03/03/2022,1220.0
270,Black,ID,1.0,03/13/2022,1220.0
271,Black,ID,1.0,03/14/2022,1220.0
272,Black,ID,1.0,03/16/2022,1220.0
273,Black,ID,10.0,02/28/2022,1220.0
274,Black,ID,10.0,03/01/2022,1220.0
275,Black,ID,10.0,03/02/2022,1220.0
276,Black,ID,10.0,03/03/2022,1220.0
277,Black,ID,10.0,03/04/2022,1220.0
278,Black,ID,10.0,03/05/2022,1220.0
279,Black,ID,10.0,03/06/2022,1220.0
280,Black,ID,10.0,03/07/2022,1220.0
281,Black,ID,10.0,03/08/2022,1220.0
282,Black,ID,10.0,03/09/2022,1220.0
283,Black,ID,10.0,03/10/2022,1220.0
284,Black,ID,10.0,03/11/2022,1220.0
285,Black,ID,10.0,03/12/2022,1220.0
286,Black,ID,10.0,03/13/2022,1220.0
287,Black,ID,10.0,03/14/2022,1220.0
288,Black,ID,10.0,03/15/2022,1220.0
289,Black,ID,10.0,03/16/2022,1220.0
290,Black,ID,10.0,03/17/2022,1220.0
291,Black,ID,10.0,03/18/2022,1220.0
292,Black,ID,10.0,03/19/2022,1220.0
293,Black,ID,10.0,03/20/2022,1220.0
294,Black,ID,10.0,03/21/2022,1220.0
295,Black,ID Graduate,0.0,03/02/2022,1220.0
296,Black,ID Graduate,0.0,03/04/2022,1220.0
297,Black,ID Graduate,0.0,03/07/2022,1220.0
298,Black,ID Graduate,0.0,03/08/2022,1220.0
299,Black,ID Graduate,0.0,03/09/2022,1220.0
300,Black,ID Graduate,0.0,03/12/2022,1220.0
301,Black,ID Graduate,0.0,03/14/2022,1220.0
302,Black,ID Graduate,0.0,03/17/2022,1220.0
303,Black,ID Graduate,0.0,03/21/2022,1220.0
304,Black,ID Graduate,1.0,02/28/2022,1220.0
305,Black,ID Graduate,1.0,03/03/2022,1220.0
306,Black,ID Graduate,1.0,03/04/2022,1220.0
307,Black,ID Graduate,1.0,03/05/2022,1220.0
308,Black,ID Graduate,1.0,03/06/2022,1220.0
309,Black,ID Graduate,1.0,03/07/2022,1220.0
310,Black,ID Graduate,1.0,03/10/2022,1220.0
311,Black,ID Graduate,1.0,03/11/2022,1220.0
312,Black,ID Graduate,1.0,03/18/2022,1220.0
313,Black,ID Graduate,6.0,03/02/2022,1220.0
314,Black,ID Graduate,7.0,03/01/2022,1220.0
315,Black,ID Graduate,8.0,02/28/2022,1220.0
316,Black,Non-ID,1.0,02/28/2022,1095.0
317,Black,Non-ID,1.0,03/01/2022,1095.0
318,Black,Non-ID,1.0,03/02/2022,1095.0
319,Black,Non-ID,1.0,03/03/2022,1095.0
320,Black,Non-ID,1.0,03/04/2022,1095.0
321,Black,Non-ID,1.0,03/05/2022,1095.0
322,Black,Non-ID,1.0,03/06/2022,1095.0
323,Black,Non-ID,1.0,03/07/2022,1095.0
324,Black,Non-ID,1.0,03/08/2022,1095.0
325,Black,Non-ID,1.0,03/09/2022,1095.0
326,Black,Non-ID,1.0,03/10/2022,1095.0
327,Black,Non-ID,10.0,02/28/2022,1095.0
328,Black,Non-ID,10.0,03/01/2022,1095.0
329,Black,Non-ID,10.0,03/02/2022,1095.0
330,Black,Non-ID,10.0,03/03/2022,1095.0
331,Black,Non-ID,10.0,03/04/2022,1095.0
332,Black,Non-ID,10.0,03/05/2022,1095.0
333,Black,Non-ID,10.0,03/06/2022,1095.0
334,Black,Non-ID,10.0,03/07/2022,1095.0
335,Black,Non-ID,10.0,03/08/2022,1095.0
336,Black,Non-ID,10.0,03/09/2022,1095.0
337,Black,Non-ID,10.0,03/10/2022,1095.0
338,Black,Non-ID,10.0,03/11/2022,1095.0
339,Black,Non-ID,10.0,03/12/2022,1095.0
340,Black,Non-ID,10.0,03/13/2022,1095.0
341,Black,Non-ID,10.0,03/14/2022,1095.0
342,Black,Non-ID,10.0,03/15/2022,1095.0
343,Black,Non-ID,10.0,03/16/2022,1095.0
344,Black,Non-ID,10.0,03/17/2022,1095.0
345,Black,Non-ID,10.0,03/18/2022,1095.0
346,Black,Non-ID,10.0,03/19/2022,1095.0
347,Black,Non-ID,10.0,03/20/2022,1095.0
348,Black,Non-ID,10.0,03/21/2022,1095.0
349,Black,Non-ID Graduate,1.0,03/15/2022,1095.0
350,Black,Non-ID Graduate,1.0,03/16/2022,1095.0
351,Black,Non-ID Graduate,1.0,03/17/2022,1095.0
352,Black,Non-ID Graduate,1.0,03/18/2022,1095.0
353,Black,Non-ID Graduate,1.0,03/19/2022,1095.0
354,Black,Non-ID Graduate,1.0,03/20/2022,1095.0
355,Black,Non-ID Graduate,1.0,03/21/2022,1095.0
356,Black,Non-ID Graduate,6.0,03/12/2022,1095.0
357,Black,Non-ID Graduate,6.0,03/13/2022,1095.0
358,Black,Non-ID Graduate,6.0,03/14/2022,1095.0
359,Black,Non-ID Graduate,6.0,03/15/2022,1095.0
360,Black,Non-ID Graduate,7.0,02/28/2022,1095.0
361,Black,Non-ID Graduate,7.0,03/01/2022,1095.0
362,Black,Non-ID Graduate,7.0,03/02/2022,1095.0
363,Black,Non-ID Graduate,7.0,03/03/2022,1095.0
364,Black,Non-ID Graduate,7.0,03/04/2022,1095.0
365,Black,Non-ID Graduate,7.0,03/05/2022,1095.0
366,Black,Non-ID Graduate,7.0,03/06/2022,1095.0
367,Black,Non-ID Graduate,7.0,03/07/2022,1095.0
368,Black,Non-ID Graduate,7.0,03/08/2022,1095.0
369,Black,Non-ID Graduate,7.0,03/09/2022,1095.0
370,Black,Non-ID Graduate,7.0,03/10/2022,1095.0
371,Black,Non-ID Graduate,7.0,03/11/2022,1095.0
372,Black,Non-ID Graduate,8.0,03/13/2022,1095.0
373,Black,Non-ID Graduate,8.0,03/14/2022,1095.0
374,Black,Non-ID Graduate,9.0,03/12/2022,1095.0
375,Black,Non-ID Graduate,10.0,02/28/2022,1095.0
376,Black,Non-ID Graduate,10.0,03/01/2022,1095.0
377,Black,Non-ID Graduate,10.0,03/02/2022,1095.0
378,Black,Non-ID Graduate,10.0,03/03/2022,1095.0
379,Black,Non-ID Graduate,10.0,03/04/2022,1095.0
380,Black,Non-ID Graduate,10.0,03/05/2022,1095.0
381,Black,Non-ID Graduate,10.0,03/06/2022,1095.0
382,Black,Non-ID Graduate,10.0,03/07/2022,1095.0
383,Black,Non-ID Graduate,10.0,03/08/2022,1095.0
384,Black,Non-ID Graduate,10.0,03/09/2022,1095.0
385,Black,Non-ID Graduate,10.0,03/10/2022,1095.0
386,Black,Non-ID Graduate,10.0,03/11/2022,1095.0
387,Caucasian,ID,0.0,02/28/2022,1220.0
388,Caucasian,ID,0.0,03/01/2022,1220.0
389,Caucasian,ID,0.0,03/02/2022,1220.0
390,Caucasian,ID,0.0,03/03/2022,1220.0
391,Caucasian,ID,0.0,03/04/2022,1220.0
392,Caucasian,ID,0.0,03/05/2022,1220.0
393,Caucasian,ID,0.0,03/06/2022,1220.0
394,Caucasian,ID,0.0,03/07/2022,1220.0
395,Caucasian,ID,0.0,03/08/2022,1220.0
396,Caucasian,ID,0.0,03/09/2022,1220.0
397,Caucasian,ID,0.0,03/10/2022,1220.0
398,Caucasian,ID,0.0,03/11/2022,1220.0
399,Caucasian,ID,0.0,03/12/2022,1220.0
400,Caucasian,ID,0.0,03/13/2022,1220.0
401,Caucasian,ID,0.0,03/14/2022,1220.0
402,Caucasian,ID,0.0,03/15/2022,1220.0
403,Caucasian,ID,0.0,03/16/2022,1220.0
404,Caucasian,ID,0.0,03/17/2022,1220.0
405,Caucasian,ID,0.0,03/18/2022,1220.0
406,Caucasian,ID,0.0,03/19/2022,1220.0
407,Caucasian,ID,0.0,03/20/2022,1220.0
408,Caucasian,ID,0.0,03/21/2022,1220.0
409,Caucasian,ID,1.0,02/28/2022,1220.0
410,Caucasian,ID,1.0,03/01/2022,1220.0
411,Caucasian,ID,1.0,03/02/2022,1220.0
412,Caucasian,ID,1.0,03/03/2022,1220.0
413,Caucasian,ID,1.0,03/04/2022,1220.0
414,Caucasian,ID,1.0,03/05/2022,1220.0
415,Caucasian,ID,1.0,03/06/2022,1220.0
416,Caucasian,ID,1.0,03/07/2022,1220.0
417,Caucasian,ID,1.0,03/08/2022,1220.0
418,Caucasian,ID,1.0,03/09/2022,1220.0
419,Caucasian,ID,1.0,03/10/2022,1220.0
420,Caucasian,ID,1.0,03/11/2022,1220.0
421,Caucasian,ID,1.0,03/12/2022,1220.0
422,Caucasian,ID,1.0,03/13/2022,1220.0
423,Caucasian,ID,1.0,03/14/2022,1220.0
424,Caucasian,ID,1.0,03/15/2022,1220.0
425,Caucasian,ID,1.0,03/16/2022,1220.0
426,Caucasian,ID,1.0,03/17/2022,1220.0
427,Caucasian,ID,1.0,03/18/2022,1220.0
428,Caucasian,ID,1.0,03/19/2022,1220.0
429,Caucasian,ID,1.0,03/20/2022,1220.0
430,Caucasian,ID,1.0,03/21/2022,1220.0
431,Caucasian,ID,6.0,03/02/2022,1220.0
432,Caucasian,ID,6.0,03/15/2022,1220.0
433,Caucasian,ID,6.0,03/16/2022,1220.0
434,Caucasian,ID,6.0,03/17/2022,1220.0
435,Caucasian,ID,6.0,03/18/2022,1220.0
436,Caucasian,ID,6.0,03/19/2022,1220.0
437,Caucasian,ID,6.0,03/20/2022,1220.0
438,Caucasian,ID,6.0,03/21/2022,1220.0
439,Caucasian,ID,7.0,02/28/2022,1220.0
440,Caucasian,ID,7.0,03/01/2022,1220.0
441,Caucasian,ID,7.0,03/02/2022,1220.0
442,Caucasian,ID,7.0,03/03/2022,1220.0
443,Caucasian,ID,7.0,03/04/2022,1220.0
444,Caucasian,ID,7.0,03/05/2022,1220.0
445,Caucasian,ID,7.0,03/06/2022,1220.0
446,Caucasian,ID,7.0,03/07/2022,1220.0
447,Caucasian,ID,7.0,03/08/2022,1220.0
448,Caucasian,ID,7.0,03/09/2022,1220.0
449,Caucasian,ID,7.0,03/19/2022,1220.0
450,Caucasian,ID,8.0,02/28/2022,1220.0
451,Caucasian,ID,8.0,03/18/2022,1220.0
452,Caucasian,ID,9.0,03/15/2022,1220.0
453,Caucasian,ID,9.0,03/16/2022,1220.0
454,Caucasian,ID,9.0,03/17/2022,1220.0
455,Caucasian,ID,10.0,02/28/2022,1220.0
456,Caucasian,ID,10.0,03/01/2022,1220.0
457,Caucasian,ID,10.0,03/02/2022,1220.0
458,Caucasian,ID,10.0,03/03/2022,1220.0
459,Caucasian,ID,10.0,03/04/2022,1220.0
460,Caucasian,ID,10.0,03/05/2022,1220.0
461,Caucasian,ID,10.0,03/06/2022,1220.0
462,Caucasian,ID,10.0,03/07/2022,1220.0
463,Caucasian,ID,10.0,03/08/2022,1220.0
464,Caucasian,ID,10.0,03/09/2022,1220.0
465,Caucasian,ID,10.0,03/10/2022,1220.0
466,Caucasian,ID,10.0,03/11/2022,1220.0
467,Caucasian,ID,10.0,03/12/2022,1220.0
468,Caucasian,ID,10.0,03/13/2022,1220.0
469,Caucasian,ID,10.0,03/14/2022,1220.0
470,Caucasian,ID,10.0,03/15/2022,1220.0
471,Caucasian,ID,10.0,03/16/2022,1220.0
472,Caucasian,ID,10.0,03/17/2022,1220.0
473,Caucasian,ID,10.0,03/18/2022,1220.0
474,Caucasian,ID,10.0,03/19/2022,1220.0
475,Caucasian,ID,10.0,03/20/2022,1220.0
476,Caucasian,ID,10.0,03/21/2022,1220.0
477,Caucasian,ID Graduate,0.0,02/28/2022,1220.0
478,Caucasian,ID Graduate,0.0,03/01/2022,1220.0
479,Caucasian,ID Graduate,0.0,03/02/2022,1220.0
480,Caucasian,ID Graduate,0.0,03/03/2022,1220.0
481,Caucasian,ID Graduate,0.0,03/04/2022,1220.0
482,Caucasian,ID Graduate,0.0,03/05/2022,1220.0
483,Caucasian,ID Graduate,0.0,03/06/2022,1220.0
484,Caucasian,ID Graduate,0.0,03/07/2022,1220.0
485,Caucasian,ID Graduate,0.0,03/08/2022,1220.0
486,Caucasian,ID Graduate,0.0,03/09/2022,1220.0
487,Caucasian,ID Graduate,0.0,03/10/2022,1220.0
488,Caucasian,ID Graduate,0.0,03/11/2022,1220.0
489,Caucasian,ID Graduate,0.0,03/12/2022,1220.0
490,Caucasian,ID Graduate,0.0,03/13/2022,1220.0
491,Caucasian,ID Graduate,0.0,03/14/2022,1220.0
492,Caucasian,ID Graduate,0.0,03/15/2022,1220.0
493,Caucasian,ID Graduate,0.0,03/16/2022,1220.0
494,Caucasian,ID Graduate,0.0,03/17/2022,1220.0
495,Caucasian,ID Graduate,0.0,03/18/2022,1220.0
496,Caucasian,ID Graduate,0.0,03/19/2022,1220.0
497,Caucasian,ID Graduate,0.0,03/20/2022,1220.0
498,Caucasian,ID Graduate,0.0,03/21/2022,1220.0
499,Caucasian,ID Graduate,1.0,02/28/2022,1220.0
500,Caucasian,ID Graduate,1.0,03/01/2022,1220.0
501,Caucasian,ID Graduate,1.0,03/02/2022,1220.0
502,Caucasian,ID Graduate,1.0,03/03/2022,1220.0
503,Caucasian,ID Graduate,1.0,03/04/2022,1220.0
504,Caucasian,ID Graduate,1.0,03/05/2022,1220.0
505,Caucasian,ID Graduate,1.0,03/06/2022,1220.0
506,Caucasian,ID Graduate,1.0,03/07/2022,1220.0
507,Caucasian,ID Graduate,1.0,03/08/2022,1220.0
508,Caucasian,ID Graduate,1.0,03/09/2022,1220.0
509,Caucasian,ID Graduate,1.0,03/10/2022,1220.0
510,Caucasian,ID Graduate,1.0,03/11/2022,1220.0
511,Caucasian,ID Graduate,1.0,03/12/2022,1220.0
512,Caucasian,ID Graduate,1.0,03/13/2022,1220.0
513,Caucasian,ID Graduate,1.0,03/14/2022,1220.0
514,Caucasian,ID Graduate,1.0,03/15/2022,1220.0
515,Caucasian,ID Graduate,1.0,03/16/2022,1220.0
516,Caucasian,ID Graduate,1.0,03/17/2022,1220.0
517,Caucasian,ID Graduate,1.0,03/18/2022,1220.0
518,Caucasian,ID Graduate,1.0,03/19/2022,1220.0
519,Caucasian,ID Graduate,1.0,03/20/2022,1220.0
520,Caucasian,ID Graduate,1.0,03/21/2022,1220.0
521,Caucasian,ID Graduate,6.0,03/19/2022,1220.0
522,Caucasian,ID Graduate,6.0,03/20/2022,1220.0
523,Caucasian,ID Graduate,6.0,03/21/2022,1220.0
524,Caucasian,ID Graduate,7.0,02/28/2022,1220.0
525,Caucasian,ID Graduate,7.0,03/07/2022,1220.0
526,Caucasian,ID Graduate,7.0,03/08/2022,1220.0
527,Caucasian,ID Graduate,7.0,03/09/2022,1220.0
528,Caucasian,ID Graduate,7.0,03/17/2022,1220.0
529,Caucasian,ID Graduate,8.0,02/28/2022,1220.0
530,Caucasian,ID Graduate,8.0,03/01/2022,1220.0
531,Caucasian,ID Graduate,8.0,03/02/2022,1220.0
532,Caucasian,ID Graduate,9.0,03/06/2022,1220.0
533,Caucasian,ID Graduate,10.0,02/28/2022,1220.0
534,Caucasian,ID Graduate,10.0,03/01/2022,1220.0
535,Caucasian,ID Graduate,10.0,03/02/2022,1220.0
536,Caucasian,ID Graduate,10.0,03/03/2022,1220.0
537,Caucasian,ID Graduate,10.0,03/04/2022,1220.0
538,Caucasian,ID Graduate,10.0,03/05/2022,1220.0
539,Caucasian,ID Graduate,10.0,03/06/2022,1220.0
540,Caucasian,ID Graduate,10.0,03/07/2022,1220.0
541,Caucasian,ID Graduate,10.0,03/08/2022,1220.0
542,Caucasian,ID Graduate,10.0,03/09/2022,1220.0
543,Caucasian,ID Graduate,10.0,03/10/2022,1220.0
544,Caucasian,ID Graduate,10.0,03/11/2022,1220.0
545,Caucasian,ID Graduate,10.0,03/12/2022,1220.0
546,Caucasian,ID Graduate,10.0,03/13/2022,1220.0
547,Caucasian,ID Graduate,10.0,03/14/2022,1220.0
548,Caucasian,ID Graduate,10.0,03/15/2022,1220.0
549,Caucasian,ID Graduate,10.0,03/16/2022,1220.0
550,Caucasian,ID Graduate,10.0,03/17/2022,1220.0
551,Caucasian,ID Graduate,10.0,03/18/2022,1220.0
552,Caucasian,ID Graduate,10.0,03/19/2022,1220.0
553,Caucasian,ID Graduate,10.0,03/20/2022,1220.0
554,Caucasian,ID Graduate,10.0,03/21/2022,1220.0
555,Caucasian,Non-ID,0.0,02/28/2022,1095.0
556,Caucasian,Non-ID,0.0,03/01/2022,1095.0
557,Caucasian,Non-ID,0.0,03/02/2022,1095.0
558,Caucasian,Non-ID,0.0,03/03/2022,1095.0
559,Caucasian,Non-ID,0.0,03/04/2022,1095.0
560,Caucasian,Non-ID,0.0,03/05/2022,1095.0
561,Caucasian,Non-ID,0.0,03/06/2022,1095.0
562,Caucasian,Non-ID,0.0,03/07/2022,1095.0
563,Caucasian,Non-ID,0.0,03/08/2022,1095.0
564,Caucasian,Non-ID,0.0,03/09/2022,1095.0
565,Caucasian,Non-ID,0.0,03/10/2022,1095.0
566,Caucasian,Non-ID,0.0,03/11/2022,1095.0
567,Caucasian,Non-ID,0.0,03/12/2022,1095.0
568,Caucasian,Non-ID,0.0,03/13/2022,1095.0
569,Caucasian,Non-ID,0.0,03/14/2022,1095.0
570,Caucasian,Non-ID,0.0,03/15/2022,1095.0
571,Caucasian,Non-ID,0.0,03/16/2022,1095.0
572,Caucasian,Non-ID,0.0,03/17/2022,1095.0
573,Caucasian,Non-ID,0.0,03/18/2022,1095.0
574,Caucasian,Non-ID,0.0,03/19/2022,1095.0
575,Caucasian,Non-ID,0.0,03/20/2022,1095.0
576,Caucasian,Non-ID,0.0,03/21/2022,1095.0
577,Caucasian,Non-ID,1.0,02/28/2022,1095.0
578,Caucasian,Non-ID,1.0,03/01/2022,1095.0
579,Caucasian,Non-ID,1.0,03/02/2022,1095.0
580,Caucasian,Non-ID,1.0,03/03/2022,1095.0
581,Caucasian,Non-ID,1.0,03/04/2022,1095.0
582,Caucasian,Non-ID,1.0,03/05/2022,1095.0
583,Caucasian,Non-ID,1.0,03/06/2022,1095.0
584,Caucasian,Non-ID,1.0,03/07/2022,1095.0
585,Caucasian,Non-ID,1.0,03/08/2022,1095.0
586,Caucasian,Non-ID,1.0,03/09/2022,1095.0
587,Caucasian,Non-ID,1.0,03/10/2022,1095.0
588,Caucasian,Non-ID,1.0,03/11/2022,1095.0
589,Caucasian,Non-ID,1.0,03/12/2022,1095.0
590,Caucasian,Non-ID,1.0,03/13/2022,1095.0
591,Caucasian,Non-ID,1.0,03/14/2022,1095.0
592,Caucasian,Non-ID,1.0,03/15/2022,1095.0
593,Caucasian,Non-ID,1.0,03/16/2022,1095.0
594,Caucasian,Non-ID,1.0,03/17/2022,1095.0
595,Caucasian,Non-ID,1.0,03/18/2022,1095.0
596,Caucasian,Non-ID,1.0,03/19/2022,1095.0
597,Caucasian,Non-ID,1.0,03/20/2022,1095.0
598,Caucasian,Non-ID,1.0,03/21/2022,1095.0
599,Caucasian,Non-ID,6.0,03/07/2022,1095.0
600,Caucasian,Non-ID,6.0,03/08/2022,1095.0
601,Caucasian,Non-ID,6.0,03/09/2022,1095.0
602,Caucasian,Non-ID,6.0,03/13/2022,1095.0
603,Caucasian,Non-ID,6.0,03/14/2022,1095.0
604,Caucasian,Non-ID,6.0,03/15/2022,1095.0
605,Caucasian,Non-ID,6.0,03/16/2022,1095.0
606,Caucasian,Non-ID,6.0,03/17/2022,1095.0
607,Caucasian,Non-ID,6.0,03/18/2022,1095.0
608,Caucasian,Non-ID,6.0,03/19/2022,1095.0
609,Caucasian,Non-ID,6.0,03/20/2022,1095.0
610,Caucasian,Non-ID,6.0,03/21/2022,1095.0
611,Caucasian,Non-ID,7.0,02/28/2022,1095.0
612,Caucasian,Non-ID,7.0,03/01/2022,1095.0
613,Caucasian,Non-ID,7.0,03/02/2022,1095.0
614,Caucasian,Non-ID,7.0,03/03/2022,1095.0
615,Caucasian,Non-ID,7.0,03/04/2022,1095.0
616,Caucasian,Non-ID,7.0,03/05/2022,1095.0
617,Caucasian,Non-ID,7.0,03/06/2022,1095.0
618,Caucasian,Non-ID,7.0,03/07/2022,1095.0
619,Caucasian,Non-ID,7.0,03/08/2022,1095.0
620,Caucasian,Non-ID,7.0,03/09/2022,1095.0
621,Caucasian,Non-ID,7.0,03/10/2022,1095.0
622,Caucasian,Non-ID,7.0,03/11/2022,1095.0
623,Caucasian,Non-ID,7.0,03/12/2022,1095.0
624,Caucasian,Non-ID,8.0,03/04/2022,1095.0
625,Caucasian,Non-ID,8.0,03/05/2022,1095.0
626,Caucasian,Non-ID,8.0,03/18/2022,1095.0
627,Caucasian,Non-ID,9.0,03/01/2022,1095.0
628,Caucasian,Non-ID,9.0,03/02/2022,1095.0
629,Caucasian,Non-ID,9.0,03/03/2022,1095.0
630,Caucasian,Non-ID,10.0,02/28/2022,1095.0
631,Caucasian,Non-ID,10.0,03/01/2022,1095.0
632,Caucasian,Non-ID,10.0,03/02/2022,1095.0
633,Caucasian,Non-ID,10.0,03/03/2022,1095.0
634,Caucasian,Non-ID,10.0,03/04/2022,1095.0
635,Caucasian,Non-ID,10.0,03/05/2022,1095.0
636,Caucasian,Non-ID,10.0,03/06/2022,1095.0
637,Caucasian,Non-ID,10.0,03/07/2022,1095.0
638,Caucasian,Non-ID,10.0,03/08/2022,1095.0
639,Caucasian,Non-ID,10.0,03/09/2022,1095.0
640,Caucasian,Non-ID,10.0,03/10/2022,1095.0
641,Caucasian,Non-ID,10.0,03/11/2022,1095.0
642,Caucasian,Non-ID,10.0,03/12/2022,1095.0
643,Caucasian,Non-ID,10.0,03/13/2022,1095.0
644,Caucasian,Non-ID,10.0,03/14/2022,1095.0
645,Caucasian,Non-ID,10.0,03/15/2022,1095.0
646,Caucasian,Non-ID,10.0,03/16/2022,1095.0
647,Caucasian,Non-ID,10.0,03/17/2022,1095.0
648,Caucasian,Non-ID,10.0,03/18/2022,1095.0
649,Caucasian,Non-ID,10.0,03/19/2022,1095.0
650,Caucasian,Non-ID,10.0,03/20/2022,1095.0
651,Caucasian,Non-ID,10.0,03/21/2022,1095.0
652,Caucasian,Non-ID Graduate,0.0,02/28/2022,1095.0
653,Caucasian,Non-ID Graduate,0.0,03/01/2022,1095.0
654,Caucasian,Non-ID Graduate,0.0,03/02/2022,1095.0
655,Caucasian,Non-ID Graduate,0.0,03/03/2022,1095.0
656,Caucasian,Non-ID Graduate,0.0,03/04/2022,1095.0
657,Caucasian,Non-ID Graduate,0.0,03/05/2022,1095.0
658,Caucasian,Non-ID Graduate,0.0,03/06/2022,1095.0
659,Caucasian,Non-ID Graduate,0.0,03/07/2022,1095.0
660,Caucasian,Non-ID Graduate,0.0,03/08/2022,1095.0
661,Caucasian,Non-ID Graduate,0.0,03/09/2022,1095.0
662,Caucasian,Non-ID Graduate,0.0,03/10/2022,1095.0
663,Caucasian,Non-ID Graduate,0.0,03/11/2022,1095.0
664,Caucasian,Non-ID Graduate,0.0,03/12/2022,1095.0
665,Caucasian,Non-ID Graduate,0.0,03/13/2022,1095.0
666,Caucasian,Non-ID Graduate,0.0,03/14/2022,1095.0
667,Caucasian,Non-ID Graduate,0.0,03/15/2022,1095.0
668,Caucasian,Non-ID Graduate,0.0,03/16/2022,1095.0
669,Caucasian,Non-ID Graduate,0.0,03/17/2022,1095.0
670,Caucasian,Non-ID Graduate,0.0,03/18/2022,1095.0
671,Caucasian,Non-ID Graduate,0.0,03/19/2022,1095.0
672,Caucasian,Non-ID Graduate,0.0,03/20/2022,1095.0
673,Caucasian,Non-ID Graduate,0.0,03/21/2022,1095.0
674,Caucasian,Non-ID Graduate,1.0,03/15/2022,1095.0
675,Caucasian,Non-ID Graduate,1.0,03/16/2022,1095.0
676,Caucasian,Non-ID Graduate,1.0,03/17/2022,1095.0
677,Caucasian,Non-ID Graduate,1.0,03/18/2022,1095.0
678,Caucasian,Non-ID Graduate,1.0,03/19/2022,1095.0
679,Caucasian,Non-ID Graduate,1.0,03/20/2022,1095.0
680,Caucasian,Non-ID Graduate,1.0,03/21/2022,1095.0
681,Caucasian,Non-ID Graduate,6.0,03/13/2022,1095.0
682,Caucasian,Non-ID Graduate,6.0,03/14/2022,1095.0
683,Caucasian,Non-ID Graduate,6.0,03/15/2022,1095.0
684,Caucasian,Non-ID Graduate,7.0,03/17/2022,1095.0
685,Caucasian,Non-ID Graduate,7.0,03/18/2022,1095.0
686,Caucasian,Non-ID Graduate,7.0,03/19/2022,1095.0
687,Caucasian,Non-ID Graduate,7.0,03/20/2022,1095.0
688,Caucasian,Non-ID Graduate,7.0,03/21/2022,1095.0
689,Caucasian,Non-ID Graduate,8.0,03/10/2022,1095.0
690,Caucasian,Non-ID Graduate,8.0,03/11/2022,1095.0
691,Caucasian,Non-ID Graduate,8.0,03/12/2022,1095.0
692,Caucasian,Non-ID Graduate,8.0,03/13/2022,1095.0
693,Caucasian,Non-ID Graduate,8.0,03/14/2022,1095.0
694,Caucasian,Non-ID Graduate,8.0,03/15/2022,1095.0
695,Caucasian,Non-ID Graduate,8.0,03/16/2022,1095.0
696,Caucasian,Non-ID Graduate,8.0,03/17/2022,1095.0
697,Caucasian,Non-ID Graduate,9.0,03/09/2022,1095.0
698,Caucasian,Non-ID Graduate,9.0,03/10/2022,1095.0
699,Caucasian,Non-ID Graduate,9.0,03/11/2022,1095.0
700,Caucasian,Non-ID Graduate,10.0,02/28/2022,1095.0
701,Caucasian,Non-ID Graduate,10.0,03/01/2022,1095.0
702,Caucasian,Non-ID Graduate,10.0,03/02/2022,1095.0
703,Caucasian,Non-ID Graduate,10.0,03/03/2022,1095.0
704,Caucasian,Non-ID Graduate,10.0,03/04/2022,1095.0
705,Caucasian,Non-ID Graduate,10.0,03/05/2022,1095.0
706,Caucasian,Non-ID Graduate,10.0,03/06/2022,1095.0
707,Caucasian,Non-ID Graduate,10.0,03/07/2022,1095.0
708,Caucasian,Non-ID Graduate,10.0,03/08/2022,1095.0
709,Caucasian,Non-ID Graduate,10.0,03/09/2022,1095.0
710,Caucasian,Non-ID Graduate,10.0,03/10/2022,1095.0
711,Caucasian,Non-ID Graduate,10.0,03/11/2022,1095.0
712,Caucasian,Non-ID Graduate,10.0,03/12/2022,1095.0
713,Caucasian,Non-ID Graduate,10.0,03/13/2022,1095.0
714,Caucasian,Non-ID Graduate,10.0,03/14/2022,1095.0
715,Caucasian,Non-ID Graduate,10.0,03/15/2022,1095.0
716,Caucasian,Non-ID Graduate,10.0,03/16/2022,1095.0
717,Caucasian,Non-ID Graduate,10.0,03/17/2022,1095.0
718,Caucasian,Non-ID Graduate,10.0,03/18/2022,1095.0
719,Caucasian,Non-ID Graduate,10.0,03/19/2022,1095.0
720,Caucasian,Non-ID Graduate,10.0,03/20/2022,1095.0
721,Caucasian,Non-ID Graduate,10.0,03/21/2022,1095.0
722,Latino,ID,0.0,02/28/2022,1220.0
723,Latino,ID,0.0,03/01/2022,1220.0
724,Latino,ID,0.0,03/02/2022,1220.0
725,Latino,ID,0.0,03/03/2022,1220.0
726,Latino,ID,0.0,03/04/2022,1220.0
727,Latino,ID,0.0,03/05/2022,1220.0
728,Latino,ID,0.0,03/06/2022,1220.0
729,Latino,ID,0.0,03/07/2022,1220.0
730,Latino,ID,0.0,03/08/2022,1220.0
731,Latino,ID,0.0,03/09/2022,1220.0
732,Latino,ID,0.0,03/10/2022,1220.0
733,Latino,ID,0.0,03/11/2022,1220.0
734,Latino,ID,0.0,03/12/2022,1220.0
735,Latino,ID,0.0,03/13/2022,1220.0
736,Latino,ID,0.0,03/14/2022,1220.0
737,Latino,ID,0.0,03/15/2022,1220.0
738,Latino,ID,0.0,03/16/2022,1220.0
739,Latino,ID,0.0,03/17/2022,1220.0
740,Latino,ID,0.0,03/18/2022,1220.0
741,Latino,ID,0.0,03/19/2022,1220.0
742,Latino,ID,0.0,03/20/2022,1220.0
743,Latino,ID,0.0,03/21/2022,1220.0
744,Latino,ID,1.0,02/28/2022,1220.0
745,Latino,ID,1.0,03/01/2022,1220.0
746,Latino,ID,6.0,03/07/2022,1220.0
747,Latino,ID,7.0,03/03/2022,1220.0
748,Latino,ID,7.0,03/04/2022,1220.0
749,Latino,ID,7.0,03/05/2022,1220.0
750,Latino,ID,7.0,03/06/2022,1220.0
751,Latino,ID,7.0,03/18/2022,1220.0
752,Latino,ID,8.0,03/02/2022,1220.0
753,Latino,ID,9.0,02/28/2022,1220.0
754,Latino,ID,9.0,03/01/2022,1220.0
755,Latino,ID,10.0,02/28/2022,1220.0
756,Latino,ID,10.0,03/01/2022,1220.0
757,Latino,ID,10.0,03/02/2022,1220.0
758,Latino,ID,10.0,03/03/2022,1220.0
759,Latino,ID,10.0,03/04/2022,1220.0
760,Latino,ID,10.0,03/05/2022,1220.0
761,Latino,ID,10.0,03/06/2022,1220.0
762,Latino,ID,10.0,03/07/2022,1220.0
763,Latino,ID,10.0,03/08/2022,1220.0
764,Latino,ID,10.0,03/09/2022,1220.0
765,Latino,ID,10.0,03/10/2022,1220.0
766,Latino,ID,10.0,03/11/2022,1220.0
767,Latino,ID,10.0,03/12/2022,1220.0
768,Latino,ID,10.0,03/13/2022,1220.0
769,Latino,ID,10.0,03/14/2022,1220.0
770,Latino,ID,10.0,03/15/2022,1220.0
771,Latino,ID,10.0,03/16/2022,1220.0
772,Latino,ID,10.0,03/17/2022,1220.0
773,Latino,ID,10.0,03/18/2022,1220.0
774,Latino,ID,10.0,03/19/2022,1220.0
775,Latino,ID,10.0,03/20/2022,1220.0
776,Latino,ID,10.0,03/21/2022,1220.0
777,Latino,ID Graduate,0.0,02/28/2022,1220.0
778,Latino,ID Graduate,0.0,03/01/2022,1220.0
779,Latino,ID Graduate,0.0,03/02/2022,1220.0
780,Latino,ID Graduate,0.0,03/03/2022,1220.0
781,Latino,ID Graduate,0.0,03/04/2022,1220.0
782,Latino,ID Graduate,0.0,03/05/2022,1220.0
783,Latino,ID Graduate,0.0,03/06/2022,1220.0
784,Latino,ID Graduate,0.0,03/07/2022,1220.0
785,Latino,ID Graduate,0.0,03/08/2022,1220.0
786,Latino,ID Graduate,0.0,03/09/2022,1220.0
787,Latino,ID Graduate,0.0,03/10/2022,1220.0
788,Latino,ID Graduate,0.0,03/11/2022,1220.0
789,Latino,ID Graduate,0.0,03/12/2022,1220.0
790,Latino,ID Graduate,0.0,03/13/2022,1220.0
791,Latino,ID Graduate,0.0,03/14/2022,1220.0
792,Latino,ID Graduate,0.0,03/15/2022,1220.0
793,Latino,ID Graduate,0.0,03/16/2022,1220.0
794,Latino,ID Graduate,0.0,03/17/2022,1220.0
795,Latino,ID Graduate,0.0,03/18/2022,1220.0
796,Latino,ID Graduate,0.0,03/19/2022,1220.0
797,Latino,ID Graduate,0.0,03/20/2022,1220.0
798,Latino,ID Graduate,0.0,03/21/2022,1220.0
799,Latino,ID Graduate,1.0,03/08/2022,1220.0
800,Latino,ID Graduate,1.0,03/09/2022,1220.0
801,Latino,ID Graduate,1.0,03/10/2022,1220.0
802,Latino,ID Graduate,1.0,03/11/2022,1220.0
803,Latino,ID Graduate,1.0,03/12/2022,1220.0
804,Latino,ID Graduate,1.0,03/13/2022,1220.0
805,Latino,ID Graduate,1.0,03/14/2022,1220.0
806,Latino,ID Graduate,1.0,03/15/2022,1220.0
807,Latino,ID Graduate,1.0,03/16/2022,1220.0
808,Latino,ID Graduate,1.0,03/17/2022,1220.0
809,Latino,ID Graduate,1.0,03/18/2022,1220.0
810,Latino,ID Graduate,1.0,03/19/2022,1220.0
811,Latino,ID Graduate,7.0,03/05/2022,1220.0
812,Latino,ID Graduate,7.0,03/06/2022,1220.0
813,Latino,ID Graduate,7.0,03/07/2022,1220.0
814,Latino,ID Graduate,9.0,02/28/2022,1220.0
815,Latino,ID Graduate,9.0,03/01/2022,1220.0
816,Latino,ID Graduate,9.0,03/02/2022,1220.0
817,Latino,ID Graduate,9.0,03/03/2022,1220.0
818,Latino,ID Graduate,9.0,03/04/2022,1220.0
819,Latino,ID Graduate,9.0,03/05/2022,1220.0
820,Latino,ID Graduate,9.0,03/06/2022,1220.0
821,Latino,ID Graduate,9.0,03/07/2022,1220.0
822,Latino,ID Graduate,9.0,03/08/2022,1220.0
823,Latino,ID Graduate,9.0,03/09/2022,1220.0
824,Latino,ID Graduate,9.0,03/10/2022,1220.0
825,Latino,ID Graduate,9.0,03/11/2022,1220.0
826,Latino,ID Graduate,9.0,03/12/2022,1220.0
827,Latino,ID Graduate,9.0,03/13/2022,1220.0
828,Latino,ID Graduate,9.0,03/14/2022,1220.0
829,Latino,ID Graduate,9.0,03/15/2022,1220.0
830,Latino,ID Graduate,9.0,03/16/2022,1220.0
831,Latino,ID Graduate,9.0,03/17/2022,1220.0
832,Latino,ID Graduate,9.0,03/18/2022,1220.0
833,Latino,ID Graduate,9.0,03/19/2022,1220.0
834,Latino,ID Graduate,9.0,03/20/2022,1220.0
835,Latino,ID Graduate,9.0,03/21/2022,1220.0
836,Latino,ID Graduate,10.0,02/28/2022,1220.0
837,Latino,ID Graduate,10.0,03/01/2022,1220.0
838,Latino,ID Graduate,10.0,03/02/2022,1220.0
839,Latino,ID Graduate,10.0,03/03/2022,1220.0
840,Latino,ID Graduate,10.0,03/04/2022,1220.0
841,Latino,ID Graduate,10.0,03/05/2022,1220.0
842,Latino,ID Graduate,10.0,03/06/2022,1220.0
843,Latino,ID Graduate,10.0,03/07/2022,1220.0
844,Latino,ID Graduate,10.0,03/08/2022,1220.0
845,Latino,ID Graduate,10.0,03/09/2022,1220.0
846,Latino,ID Graduate,10.0,03/10/2022,1220.0
847,Latino,ID Graduate,10.0,03/11/2022,1220.0
848,Latino,ID Graduate,10.0,03/12/2022,1220.0
849,Latino,ID Graduate,10.0,03/13/2022,1220.0
850,Latino,ID Graduate,10.0,03/14/2022,1220.0
851,Latino,ID Graduate,10.0,03/15/2022,1220.0
852,Latino,ID Graduate,10.0,03/16/2022,1220.0
853,Latino,ID Graduate,10.0,03/17/2022,1220.0
854,Latino,ID Graduate,10.0,03/18/2022,1220.0
855,Latino,ID Graduate,10.0,03/19/2022,1220.0
856,Latino,ID Graduate,10.0,03/20/2022,1220.0
857,Latino,ID Graduate,10.0,03/21/2022,1220.0
858,Latino,Non-ID,0.0,02/28/2022,1095.0
859,Latino,Non-ID,0.0,03/01/2022,1095.0
860,Latino,Non-ID,0.0,03/02/2022,1095.0
861,Latino,Non-ID,0.0,03/03/2022,1095.0
862,Latino,Non-ID,0.0,03/04/2022,1095.0
863,Latino,Non-ID,0.0,03/05/2022,1095.0
864,Latino,Non-ID,0.0,03/06/2022,1095.0
865,Latino,Non-ID,0.0,03/07/2022,1095.0
866,Latino,Non-ID,0.0,03/08/2022,1095.0
867,Latino,Non-ID,0.0,03/09/2022,1095.0
868,Latino,Non-ID,0.0,03/10/2022,1095.0
869,Latino,Non-ID,0.0,03/11/2022,1095.0
870,Latino,Non-ID,0.0,03/12/2022,1095.0
871,Latino,Non-ID,0.0,03/13/2022,1095.0
872,Latino,Non-ID,0.0,03/14/2022,1095.0
873,Latino,Non-ID,0.0,03/15/2022,1095.0
874,Latino,Non-ID,0.0,03/16/2022,1095.0
875,Latino,Non-ID,0.0,03/17/2022,1095.0
876,Latino,Non-ID,0.0,03/18/2022,1095.0
877,Latino,Non-ID,0.0,03/19/2022,1095.0
878,Latino,Non-ID,0.0,03/20/2022,1095.0
879,Latino,Non-ID,0.0,03/21/2022,1095.0
880,Latino,Non-ID,9.0,03/12/2022,1095.0
881,Latino,Non-ID,9.0,03/13/2022,1095.0
882,Latino,Non-ID,9.0,03/14/2022,1095.0
883,Latino,Non-ID,9.0,03/15/2022,1095.0
884,Latino,Non-ID,9.0,03/16/2022,1095.0
885,Latino,Non-ID,9.0,03/17/2022,1095.0
886,Latino,Non-ID,9.0,03/18/2022,1095.0
887,Latino,Non-ID,9.0,03/19/2022,1095.0
888,Latino,Non-ID,9.0,03/20/2022,1095.0
889,Latino,Non-ID,9.0,03/21/2022,1095.0
890,Latino,Non-ID,10.0,02/28/2022,1095.0
891,Latino,Non-ID,10.0,03/01/2022,1095.0
892,Latino,Non-ID,10.0,03/02/2022,1095.0
893,Latino,Non-ID,10.0,03/03/2022,1095.0
894,Latino,Non-ID,10.0,03/04/2022,1095.0
895,Latino,Non-ID,10.0,03/05/2022,1095.0
896,Latino,Non-ID,10.0,03/06/2022,1095.0
897,Latino,Non-ID,10.0,03/07/2022,1095.0
898,Latino,Non-ID,10.0,03/08/2022,1095.0
899,Latino,Non-ID,10.0,03/09/2022,1095.0
900,Latino,Non-ID,10.0,03/10/2022,1095.0
901,Latino,Non-ID,10.0,03/11/2022,1095.0
902,Latino,Non-ID,10.0,03/12/2022,1095.0
903,Latino,Non-ID,10.0,03/13/2022,1095.0
904,Latino,Non-ID,10.0,03/14/2022,1095.0
905,Latino,Non-ID,10.0,03/15/2022,1095.0
906,Latino,Non-ID,10.0,03/16/2022,1095.0
907,Latino,Non-ID,10.0,03/17/2022,1095.0
908,Latino,Non-ID,10.0,03/18/2022,1095.0
909,Latino,Non-ID,10.0,03/19/2022,1095.0
910,Latino,Non-ID,10.0,03/20/2022,1095.0
911,Latino,Non-ID,10.0,03/21/2022,1095.0
912,Latino,Non-ID Graduate,10.0,02/28/2022,1095.0
913,Latino,Non-ID Graduate,10.0,03/01/2022,1095.0
914,Latino,Non-ID Graduate,10.0,03/02/2022,1095.0
915,Latino,Non-ID Graduate,10.0,03/03/2022,1095.0
916,Latino,Non-ID Graduate,10.0,03/04/2022,1095.0
917,Latino,Non-ID Graduate,10.0,03/05/2022,1095.0
918,Latino,Non-ID Graduate,10.0,03/06/2022,1095.0
919,Latino,Non-ID Graduate,10.0,03/07/2022,1095.0
920,Latino,Non-ID Graduate,10.0,03/08/2022,1095.0
921,Latino,Non-ID Graduate,10.0,03/09/2022,1095.0
922,Latino,Non-ID Graduate,10.0,03/10/2022,1095.0
923,Latino,Non-ID Graduate,10.0,03/11/2022,1095.0
924,Latino,Non-ID Graduate,10.0,03/12/2022,1095.0
925,Latino,Non-ID Graduate,10.0,03/13/2022,1095.0
926,Latino,Non-ID Graduate,10.0,03/14/2022,1095.0
927,Latino,Non-ID Graduate,10.0,03/15/2022,1095.0
928,Latino,Non-ID Graduate,10.0,03/16/2022,1095.0
929,Latino,Non-ID Graduate,10.0,03/17/2022,1095.0
930,Latino,Non-ID Graduate,10.0,03/18/2022,1095.0
931,Latino,Non-ID Graduate,10.0,03/19/2022,1095.0
932,Latino,Non-ID Graduate,10.0,03/20/2022,1095.0
933,Latino,Non-ID Graduate,10.0,03/21/2022,1095.0
934,Multi,ID,0.0,03/02/2022,1220.0
935,Multi,ID,0.0,03/04/2022,1220.0
936,Multi,ID,0.0,03/05/2022,1220.0
937,Multi,ID,0.0,03/06/2022,1220.0
938,Multi,ID,0.0,03/09/2022,1220.0
939,Multi,ID,0.0,03/11/2022,1220.0
940,Multi,ID,0.0,03/15/2022,1220.0
941,Multi,ID,0.0,03/16/2022,1220.0
942,Multi,ID,0.0,03/17/2022,1220.0
943,Multi,ID,0.0,03/18/2022,1220.0
944,Multi,ID,0.0,03/19/2022,1220.0
945,Multi,ID,0.0,03/20/2022,1220.0
946,Multi,ID,0.0,03/21/2022,1220.0
947,Multi,ID,1.0,02/28/2022,1220.0
948,Multi,ID,1.0,03/01/2022,1220.0
949,Multi,ID,1.0,03/02/2022,1220.0
950,Multi,ID,1.0,03/03/2022,1220.0
951,Multi,ID,1.0,03/04/2022,1220.0
952,Multi,ID,1.0,03/05/2022,1220.0
953,Multi,ID,1.0,03/06/2022,1220.0
954,Multi,ID,1.0,03/07/2022,1220.0
955,Multi,ID,1.0,03/08/2022,1220.0
956,Multi,ID,1.0,03/09/2022,1220.0
957,Multi,ID,1.0,03/10/2022,1220.0
958,Multi,ID,1.0,03/11/2022,1220.0
959,Multi,ID,1.0,03/12/2022,1220.0
960,Multi,ID,1.0,03/13/2022,1220.0
961,Multi,ID,1.0,03/14/2022,1220.0
962,Multi,ID,1.0,03/15/2022,1220.0
963,Multi,ID,1.0,03/16/2022,1220.0
964,Multi,ID,1.0,03/17/2022,1220.0
965,Multi,ID,1.0,03/18/2022,1220.0
966,Multi,ID,1.0,03/19/2022,1220.0
967,Multi,ID,1.0,03/20/2022,1220.0
968,Multi,ID,1.0,03/21/2022,1220.0
969,Multi,ID,6.0,03/08/2022,1220.0
970,Multi,ID,6.0,03/15/2022,1220.0
971,Multi,ID,6.0,03/17/2022,1220.0
972,Multi,ID,8.0,02/28/2022,1220.0
973,Multi,ID,8.0,03/01/2022,1220.0
974,Multi,ID,8.0,03/02/2022,1220.0
975,Multi,ID,8.0,03/03/2022,1220.0
976,Multi,ID,8.0,03/04/2022,1220.0
977,Multi,ID,8.0,03/05/2022,1220.0
978,Multi,ID,8.0,03/06/2022,1220.0
979,Multi,ID,8.0,03/07/2022,1220.0
980,Multi,ID,8.0,03/08/2022,1220.0
981,Multi,ID,8.0,03/09/2022,1220.0
982,Multi,ID,8.0,03/10/2022,1220.0
983,Multi,ID,8.0,03/11/2022,1220.0
984,Multi,ID,8.0,03/12/2022,1220.0
985,Multi,ID,8.0,03/13/2022,1220.0
986,Multi,ID,8.0,03/14/2022,1220.0
987,Multi,ID,8.0,03/15/2022,1220.0
988,Multi,ID,8.0,03/16/2022,1220.0
989,Multi,ID,9.0,03/06/2022,1220.0
990,Multi,ID,9.0,03/19/2022,1220.0
991,Multi,ID,9.0,03/20/2022,1220.0
992,Multi,ID,9.0,03/21/2022,1220.0
993,Multi,ID,10.0,02/28/2022,1220.0
994,Multi,ID,10.0,03/01/2022,1220.0
995,Multi,ID,10.0,03/02/2022,1220.0
996,Multi,ID,10.0,03/03/2022,1220.0
997,Multi,ID,10.0,03/04/2022,1220.0
998,Multi,ID,10.0,03/05/2022,1220.0
999,Multi,ID,10.0,03/06/2022,1220.0
1000,Multi,ID,10.0,03/07/2022,1220.0
1001,Multi,ID,10.0,03/08/2022,1220.0
1002,Multi,ID,10.0,03/09/2022,1220.0
1003,Multi,ID,10.0,03/10/2022,1220.0
1004,Multi,ID,10.0,03/11/2022,1220.0
1005,Multi,ID,10.0,03/12/2022,1220.0
1006,Multi,ID,10.0,03/13/2022,1220.0
1007,Multi,ID,10.0,03/14/2022,1220.0
1008,Multi,ID,10.0,03/15/2022,1220.0
1009,Multi,ID,10.0,03/16/2022,1220.0
1010,Multi,ID,10.0,03/17/2022,1220.0
1011,Multi,ID,10.0,03/18/2022,1220.0
1012,Multi,ID,10.0,03/19/2022,1220.0
1013,Multi,ID,10.0,03/20/2022,1220.0
1014,Multi,ID,10.0,03/21/2022,1220.0
1015,Multi,ID Graduate,0.0,02/28/2022,1220.0
1016,Multi,ID Graduate,0.0,03/01/2022,1220.0
1017,Multi,ID Graduate,0.0,03/02/2022,1220.0
1018,Multi,ID Graduate,0.0,03/03/2022,1220.0
1019,Multi,ID Graduate,0.0,03/04/2022,1220.0
1020,Multi,ID Graduate,0.0,03/05/2022,1220.0
1021,Multi,ID Graduate,0.0,03/06/2022,1220.0
1022,Multi,ID Graduate,0.0,03/07/2022,1220.0
1023,Multi,ID Graduate,0.0,03/08/2022,1220.0
1024,Multi,ID Graduate,0.0,03/09/2022,1220.0
1025,Multi,ID Graduate,0.0,03/10/2022,1220.0
1026,Multi,ID Graduate,0.0,03/11/2022,1220.0
1027,Multi,ID Graduate,0.0,03/12/2022,1220.0
1028,Multi,ID Graduate,0.0,03/13/2022,1220.0
1029,Multi,ID Graduate,0.0,03/14/2022,1220.0
1030,Multi,ID Graduate,0.0,03/15/2022,1220.0
1031,Multi,ID Graduate,0.0,03/16/2022,1220.0
1032,Multi,ID Graduate,0.0,03/17/2022,1220.0
1033,Multi,ID Graduate,0.0,03/18/2022,1220.0
1034,Multi,ID Graduate,0.0,03/19/2022,1220.0
1035,Multi,ID Graduate,0.0,03/20/2022,1220.0
1036,Multi,ID Graduate,0.0,03/21/2022,1220.0
1037,Multi,ID Graduate,1.0,03/05/2022,1220.0
1038,Multi,ID Graduate,1.0,03/06/2022,1220.0
1039,Multi,ID Graduate,1.0,03/07/2022,1220.0
1040,Multi,ID Graduate,1.0,03/08/2022,1220.0
1041,Multi,ID Graduate,6.0,02/28/2022,1220.0
1042,Multi,ID Graduate,6.0,03/01/2022,1220.0
1043,Multi,ID Graduate,6.0,03/02/2022,1220.0
1044,Multi,ID Graduate,6.0,03/03/2022,1220.0
1045,Multi,ID Graduate,6.0,03/04/2022,1220.0
1046,Multi,ID Graduate,6.0,03/05/2022,1220.0
1047,Multi,ID Graduate,6.0,03/06/2022,1220.0
1048,Multi,ID Graduate,6.0,03/07/2022,1220.0
1049,Multi,ID Graduate,6.0,03/08/2022,1220.0
1050,Multi,ID Graduate,6.0,03/09/2022,1220.0
1051,Multi,ID Graduate,6.0,03/10/2022,1220.0
1052,Multi,ID Graduate,6.0,03/11/2022,1220.0
1053,Multi,ID Graduate,6.0,03/12/2022,1220.0
1054,Multi,ID Graduate,6.0,03/13/2022,1220.0
1055,Multi,ID Graduate,6.0,03/14/2022,1220.0
1056,Multi,ID Graduate,6.0,03/15/2022,1220.0
1057,Multi,ID Graduate,6.0,03/16/2022,1220.0
1058,Multi,ID Graduate,6.0,03/17/2022,1220.0
1059,Multi,ID Graduate,6.0,03/18/2022,1220.0
1060,Multi,ID Graduate,6.0,03/19/2022,1220.0
1061,Multi,ID Graduate,6.0,03/20/2022,1220.0
1062,Multi,ID Graduate,6.0,03/21/2022,1220.0
1063,Multi,ID Graduate,8.0,02/28/2022,1220.0
1064,Multi,ID Graduate,8.0,03/01/2022,1220.0
1065,Multi,ID Graduate,9.0,03/16/2022,1220.0
1066,Multi,ID Graduate,10.0,02/28/2022,1220.0
1067,Multi,ID Graduate,10.0,03/01/2022,1220.0
1068,Multi,ID Graduate,10.0,03/02/2022,1220.0
1069,Multi,ID Graduate,10.0,03/03/2022,1220.0
1070,Multi,ID Graduate,10.0,03/04/2022,1220.0
1071,Multi,ID Graduate,10.0,03/05/2022,1220.0
1072,Multi,ID Graduate,10.0,03/06/2022,1220.0
1073,Multi,ID Graduate,10.0,03/07/2022,1220.0
1074,Multi,ID Graduate,10.0,03/08/2022,1220.0
1075,Multi,ID Graduate,10.0,03/09/2022,1220.0
1076,Multi,ID Graduate,10.0,03/10/2022,1220.0
1077,Multi,ID Graduate,10.0,03/11/2022,1220.0
1078,Multi,ID Graduate,10.0,03/12/2022,1220.0
1079,Multi,ID Graduate,10.0,03/13/2022,1220.0
1080,Multi,ID Graduate,10.0,03/14/2022,1220.0
1081,Multi,ID Graduate,10.0,03/15/2022,1220.0
1082,Multi,ID Graduate,10.0,03/16/2022,1220.0
1083,Multi,ID Graduate,10.0,03/17/2022,1220.0
1084,Multi,ID Graduate,10.0,03/18/2022,1220.0
1085,Multi,ID Graduate,10.0,03/19/2022,1220.0
1086,Multi,ID Graduate,10.0,03/20/2022,1220.0
1087,Multi,ID Graduate,10.0,03/21/2022,1220.0
1088,Multi,Non-ID,0.0,02/28/2022,1095.0
1089,Multi,Non-ID,0.0,03/01/2022,1095.0
1090,Multi,Non-ID,0.0,03/02/2022,1095.0
1091,Multi,Non-ID,0.0,03/03/2022,1095.0
1092,Multi,Non-ID,0.0,03/04/2022,1095.0
1093,Multi,Non-ID,0.0,03/05/2022,1095.0
1094,Multi,Non-ID,0.0,03/06/2022,1095.0
1095,Multi,Non-ID,0.0,03/07/2022,1095.0
1096,Multi,Non-ID,0.0,03/08/2022,1095.0
1097,Multi,Non-ID,0.0,03/09/2022,1095.0
1098,Multi,Non-ID,0.0,03/10/2022,1095.0
1099,Multi,Non-ID,1.0,02/28/2022,1095.0
1100,Multi,Non-ID,1.0,03/01/2022,1095.0
1101,Multi,Non-ID,1.0,03/02/2022,1095.0
1102,Multi,Non-ID,1.0,03/03/2022,1095.0
1103,Multi,Non-ID,1.0,03/04/2022,1095.0
1104,Multi,Non-ID,1.0,03/05/2022,1095.0
1105,Multi,Non-ID,1.0,03/06/2022,1095.0
1106,Multi,Non-ID,1.0,03/07/2022,1095.0
1107,Multi,Non-ID,1.0,03/08/2022,1095.0
1108,Multi,Non-ID,1.0,03/09/2022,1095.0
1109,Multi,Non-ID,1.0,03/18/2022,1095.0
1110,Multi,Non-ID,1.0,03/19/2022,1095.0
1111,Multi,Non-ID,1.0,03/20/2022,1095.0
1112,Multi,Non-ID,1.0,03/21/2022,1095.0
1113,Multi,Non-ID,10.0,02/28/2022,1095.0
1114,Multi,Non-ID,10.0,03/01/2022,1095.0
1115,Multi,Non-ID,10.0,03/02/2022,1095.0
1116,Multi,Non-ID,10.0,03/03/2022,1095.0
1117,Multi,Non-ID,10.0,03/04/2022,1095.0
1118,Multi,Non-ID,10.0,03/05/2022,1095.0
1119,Multi,Non-ID,10.0,03/06/2022,1095.0
1120,Multi,Non-ID,10.0,03/07/2022,1095.0
1121,Multi,Non-ID,10.0,03/08/2022,1095.0
1122,Multi,Non-ID,10.0,03/09/2022,1095.0
1123,Multi,Non-ID,10.0,03/10/2022,1095.0
1124,Multi,Non-ID,10.0,03/11/2022,1095.0
1125,Multi,Non-ID,10.0,03/12/2022,1095.0
1126,Multi,Non-ID,10.0,03/13/2022,1095.0
1127,Multi,Non-ID,10.0,03/14/2022,1095.0
1128,Multi,Non-ID,10.0,03/15/2022,1095.0
1129,Multi,Non-ID,10.0,03/16/2022,1095.0
1130,Multi,Non-ID,10.0,03/17/2022,1095.0
1131,Multi,Non-ID,10.0,03/18/2022,1095.0
1132,Multi,Non-ID,10.0,03/19/2022,1095.0
1133,Multi,Non-ID,10.0,03/20/2022,1095.0
1134,Multi,Non-ID,10.0,03/21/2022,1095.0
1135,Multi,Non-ID Graduate,10.0,02/28/2022,1095.0
1136,Multi,Non-ID Graduate,10.0,03/01/2022,1095.0
1137,Multi,Non-ID Graduate,10.0,03/02/2022,1095.0
1138,Multi,Non-ID Graduate,10.0,03/03/2022,1095.0
1139,Multi,Non-ID Graduate,10.0,03/04/2022,1095.0
1140,Multi,Non-ID Graduate,10.0,03/05/2022,1095.0
1141,Multi,Non-ID Graduate,10.0,03/06/2022,1095.0
1142,Multi,Non-ID Graduate,10.0,03/07/2022,1095.0
1143,Multi,Non-ID Graduate,10.0,03/08/2022,1095.0
1144,Multi,Non-ID Graduate,10.0,03/09/2022,1095.0
1145,Multi,Non-ID Graduate,10.0,03/10/2022,1095.0
1146,Multi,Non-ID Graduate,10.0,03/11/2022,1095.0
1147,Multi,Non-ID Graduate,10.0,03/12/2022,1095.0
1148,Multi,Non-ID Graduate,10.0,03/13/2022,1095.0
1149,Multi,Non-ID Graduate,10.0,03/14/2022,1095.0
1150,Multi,Non-ID Graduate,10.0,03/15/2022,1095.0
1151,Multi,Non-ID Graduate,10.0,03/16/2022,1095.0
1152,Multi,Non-ID Graduate,10.0,03/17/2022,1095.0
1153,Multi,Non-ID Graduate,10.0,03/18/2022,1095.0
1154,Multi,Non-ID Graduate,10.0,03/19/2022,1095.0
1155,Multi,Non-ID Graduate,10.0,03/20/2022,1095.0
1156,Multi,Non-ID Graduate,10.0,03/21/2022,1095.0
